Suite/Test/Step Name,Browser,Description,Tag,Start time,End time,Duration,Status
TS03-zakup produktu,Chrome 87.0.4280.88,zakup produktu z dwóch różnych kont użytkowanika,,2021-01-08 13:05:23,2021-01-08 13:06:48,"1m - 24,631s",PASSED
,,,,,,,
Test Cases/Zakup produktu/Wybór i zakup produktu/Wybór i zakup produktu,Chrome 87.0.4280.88,,,2021-01-08 13:05:25,2021-01-08 13:06:04,"39,935s",PASSED
openBrowser(rawUrl = url),Chrome 87.0.4280.88,,,2021-01-08 13:05:25,2021-01-08 13:05:51,"26,446s",PASSED
maximizeWindow(),Chrome 87.0.4280.88,,,2021-01-08 13:05:51,2021-01-08 13:05:54,"2,090s",PASSED
"setText(findTestObject(""Object Repository/PageLogin/input_username""), username)",Chrome 87.0.4280.88,,,2021-01-08 13:05:54,2021-01-08 13:05:54,"0,861s",PASSED
"setEncryptedText(findTestObject(""Object Repository/PageLogin/input_password""), password)",Chrome 87.0.4280.88,,,2021-01-08 13:05:54,2021-01-08 13:05:55,"0,559s",PASSED
"click(findTestObject(""Object Repository/PageLogin/button_login""))",Chrome 87.0.4280.88,,,2021-01-08 13:05:55,2021-01-08 13:05:56,"0,981s",PASSED
"str_list_name = getText(findTestObject(""Object Repository/ProductList/str_products""))",Chrome 87.0.4280.88,,,2021-01-08 13:05:56,2021-01-08 13:05:56,"0,408s",PASSED
assert list_name == str_list_name,Chrome 87.0.4280.88,,,2021-01-08 13:05:56,2021-01-08 13:05:56,"0,003s",PASSED
"click(findTestObject(""Object Repository/ProductList/a_item_view""))",Chrome 87.0.4280.88,,,2021-01-08 13:05:56,2021-01-08 13:05:57,"0,620s",PASSED
"click(findTestObject(""Object Repository/PageItem/btn_add_to_cart""))",Chrome 87.0.4280.88,,,2021-01-08 13:05:57,2021-01-08 13:05:58,"0,556s",PASSED
"count_cart = verifyElementVisible(findTestObject(""Object Repository/ProductList/a_shoping_cart""))",Chrome 87.0.4280.88,,,2021-01-08 13:05:58,2021-01-08 13:05:58,"0,531s",PASSED
assert count_cart == true,Chrome 87.0.4280.88,,,2021-01-08 13:05:58,2021-01-08 13:05:58,"0,000s",PASSED
"click(findTestObject(""Object Repository/ProductList/a_shoping_cart""))",Chrome 87.0.4280.88,,,2021-01-08 13:05:58,2021-01-08 13:05:59,"0,468s",PASSED
"click(findTestObject(""Object Repository/PageCart/a_checkout""))",Chrome 87.0.4280.88,,,2021-01-08 13:05:59,2021-01-08 13:05:59,"0,645s",PASSED
"setText(findTestObject(""Object Repository/PageYourInfo/input_first_name""), first_name)",Chrome 87.0.4280.88,,,2021-01-08 13:05:59,2021-01-08 13:06:00,"0,858s",PASSED
"setText(findTestObject(""Object Repository/PageYourInfo/input_last_name""), last_name)",Chrome 87.0.4280.88,,,2021-01-08 13:06:00,2021-01-08 13:06:01,"0,747s",PASSED
"setText(findTestObject(""Object Repository/PageYourInfo/input_zip""), zip_code)",Chrome 87.0.4280.88,,,2021-01-08 13:06:01,2021-01-08 13:06:01,"0,718s",PASSED
"click(findTestObject(""Object Repository/PageYourInfo/btn_continue""))",Chrome 87.0.4280.88,,,2021-01-08 13:06:01,2021-01-08 13:06:02,"0,535s",PASSED
"click(findTestObject(""Object Repository/PageOverview/a_finish""))",Chrome 87.0.4280.88,,,2021-01-08 13:06:02,2021-01-08 13:06:03,"0,515s",PASSED
"click(findTestObject(""Object Repository/PageOverview/btn_sidebar""))",Chrome 87.0.4280.88,,,2021-01-08 13:06:03,2021-01-08 13:06:03,"0,538s",PASSED
"click(findTestObject(""Object Repository/PageOverview/a_logout""))",Chrome 87.0.4280.88,,,2021-01-08 13:06:03,2021-01-08 13:06:04,"0,511s",PASSED
closeBrowser(),Chrome 87.0.4280.88,,,2021-01-08 13:06:04,2021-01-08 13:06:04,"0,794s",PASSED
,,,,,,,
Test Cases/Zakup produktu/Wybór i zakup produktu/Wybór i zakup produktu,Chrome 87.0.4280.88,,,2021-01-08 13:06:05,2021-01-08 13:06:48,"43,440s",PASSED
openBrowser(rawUrl = url),Chrome 87.0.4280.88,,,2021-01-08 13:06:05,2021-01-08 13:06:30,"25,414s",PASSED
maximizeWindow(),Chrome 87.0.4280.88,,,2021-01-08 13:06:30,2021-01-08 13:06:32,"2,223s",PASSED
"setText(findTestObject(""Object Repository/PageLogin/input_username""), username)",Chrome 87.0.4280.88,,,2021-01-08 13:06:32,2021-01-08 13:06:33,"0,889s",PASSED
"setEncryptedText(findTestObject(""Object Repository/PageLogin/input_password""), password)",Chrome 87.0.4280.88,,,2021-01-08 13:06:33,2021-01-08 13:06:34,"0,482s",PASSED
"click(findTestObject(""Object Repository/PageLogin/button_login""))",Chrome 87.0.4280.88,,,2021-01-08 13:06:34,2021-01-08 13:06:40,"5,947s",PASSED
"str_list_name = getText(findTestObject(""Object Repository/ProductList/str_products""))",Chrome 87.0.4280.88,,,2021-01-08 13:06:40,2021-01-08 13:06:40,"0,365s",PASSED
assert list_name == str_list_name,Chrome 87.0.4280.88,,,2021-01-08 13:06:40,2021-01-08 13:06:40,"0,001s",PASSED
"click(findTestObject(""Object Repository/ProductList/a_item_view""))",Chrome 87.0.4280.88,,,2021-01-08 13:06:40,2021-01-08 13:06:40,"0,528s",PASSED
"click(findTestObject(""Object Repository/PageItem/btn_add_to_cart""))",Chrome 87.0.4280.88,,,2021-01-08 13:06:40,2021-01-08 13:06:41,"0,531s",PASSED
"count_cart = verifyElementVisible(findTestObject(""Object Repository/ProductList/a_shoping_cart""))",Chrome 87.0.4280.88,,,2021-01-08 13:06:41,2021-01-08 13:06:41,"0,504s",PASSED
assert count_cart == true,Chrome 87.0.4280.88,,,2021-01-08 13:06:41,2021-01-08 13:06:41,"0,000s",PASSED
"click(findTestObject(""Object Repository/ProductList/a_shoping_cart""))",Chrome 87.0.4280.88,,,2021-01-08 13:06:41,2021-01-08 13:06:42,"0,479s",PASSED
"click(findTestObject(""Object Repository/PageCart/a_checkout""))",Chrome 87.0.4280.88,,,2021-01-08 13:06:42,2021-01-08 13:06:43,"0,604s",PASSED
"setText(findTestObject(""Object Repository/PageYourInfo/input_first_name""), first_name)",Chrome 87.0.4280.88,,,2021-01-08 13:06:43,2021-01-08 13:06:43,"0,904s",PASSED
"setText(findTestObject(""Object Repository/PageYourInfo/input_last_name""), last_name)",Chrome 87.0.4280.88,,,2021-01-08 13:06:43,2021-01-08 13:06:44,"0,777s",PASSED
"setText(findTestObject(""Object Repository/PageYourInfo/input_zip""), zip_code)",Chrome 87.0.4280.88,,,2021-01-08 13:06:44,2021-01-08 13:06:45,"0,733s",PASSED
"click(findTestObject(""Object Repository/PageYourInfo/btn_continue""))",Chrome 87.0.4280.88,,,2021-01-08 13:06:45,2021-01-08 13:06:45,"0,539s",PASSED
"click(findTestObject(""Object Repository/PageOverview/a_finish""))",Chrome 87.0.4280.88,,,2021-01-08 13:06:45,2021-01-08 13:06:46,"0,668s",PASSED
"click(findTestObject(""Object Repository/PageOverview/btn_sidebar""))",Chrome 87.0.4280.88,,,2021-01-08 13:06:46,2021-01-08 13:06:47,"0,544s",PASSED
"click(findTestObject(""Object Repository/PageOverview/a_logout""))",Chrome 87.0.4280.88,,,2021-01-08 13:06:47,2021-01-08 13:06:47,"0,504s",PASSED
closeBrowser(),Chrome 87.0.4280.88,,,2021-01-08 13:06:47,2021-01-08 13:06:48,"0,765s",PASSED
