Suite/Test/Step Name,Browser,Description,Tag,Start time,End time,Duration,Status
TS01-Zakup produktu,Chrome 87.0.4280.88,,,2021-01-08 12:46:40,2021-01-08 12:48:21,"1m - 40,726s",PASSED
,,,,,,,
Test Cases/Zakup produktu/Logowanie do aplikacji/Logowanie do aplikacji- prawidłowe dane,Chrome 87.0.4280.88,Logowanie do aplikacji wykorzystując poprawne dane,,2021-01-08 12:46:42,2021-01-08 12:47:14,"32,618s",PASSED
openBrowser(rawUrl = url),Chrome 87.0.4280.88,,,2021-01-08 12:46:42,2021-01-08 12:47:08,"26,363s",PASSED
maximizeWindow(),Chrome 87.0.4280.88,,,2021-01-08 12:47:08,2021-01-08 12:47:11,"2,242s",PASSED
"setText(findTestObject(""Object Repository/PageLogin/input_username""), username)",Chrome 87.0.4280.88,,,2021-01-08 12:47:11,2021-01-08 12:47:11,"0,907s",PASSED
"setEncryptedText(findTestObject(""Object Repository/PageLogin/input_password""), password)",Chrome 87.0.4280.88,,,2021-01-08 12:47:11,2021-01-08 12:47:12,"0,530s",PASSED
"click(findTestObject(""Object Repository/PageLogin/button_login""))",Chrome 87.0.4280.88,,,2021-01-08 12:47:12,2021-01-08 12:47:13,"1,045s",PASSED
"str_list_name = getText(findTestObject(""Object Repository/ProductList/str_products""))",Chrome 87.0.4280.88,,,2021-01-08 12:47:13,2021-01-08 12:47:13,"0,394s",PASSED
assert list_name == str_list_name,Chrome 87.0.4280.88,,,2021-01-08 12:47:13,2021-01-08 12:47:13,"0,002s",PASSED
closeBrowser(),Chrome 87.0.4280.88,,,2021-01-08 12:47:13,2021-01-08 12:47:14,"0,704s",PASSED
,,,,,,,
Test Cases/Zakup produktu/Logowanie do aplikacji/Logowanie do aplikacji- prawidłowe dane,Chrome 87.0.4280.88,Logowanie do aplikacji wykorzystując poprawne dane,,2021-01-08 12:47:14,2021-01-08 12:47:50,"35,988s",PASSED
openBrowser(rawUrl = url),Chrome 87.0.4280.88,,,2021-01-08 12:47:14,2021-01-08 12:47:40,"25,455s",PASSED
maximizeWindow(),Chrome 87.0.4280.88,,,2021-01-08 12:47:40,2021-01-08 12:47:42,"2,203s",PASSED
"setText(findTestObject(""Object Repository/PageLogin/input_username""), username)",Chrome 87.0.4280.88,,,2021-01-08 12:47:42,2021-01-08 12:47:43,"0,810s",PASSED
"setEncryptedText(findTestObject(""Object Repository/PageLogin/input_password""), password)",Chrome 87.0.4280.88,,,2021-01-08 12:47:43,2021-01-08 12:47:43,"0,430s",PASSED
"click(findTestObject(""Object Repository/PageLogin/button_login""))",Chrome 87.0.4280.88,,,2021-01-08 12:47:43,2021-01-08 12:47:49,"6,039s",PASSED
"str_list_name = getText(findTestObject(""Object Repository/ProductList/str_products""))",Chrome 87.0.4280.88,,,2021-01-08 12:47:49,2021-01-08 12:47:49,"0,341s",PASSED
assert list_name == str_list_name,Chrome 87.0.4280.88,,,2021-01-08 12:47:49,2021-01-08 12:47:49,"0,001s",PASSED
closeBrowser(),Chrome 87.0.4280.88,,,2021-01-08 12:47:49,2021-01-08 12:47:50,"0,687s",PASSED
,,,,,,,
Test Cases/Zakup produktu/Logowanie do aplikacji/Logowanie do aplikacji- prawidłowe dane,Chrome 87.0.4280.88,Logowanie do aplikacji wykorzystując poprawne dane,,2021-01-08 12:47:50,2021-01-08 12:48:21,"30,826s",PASSED
openBrowser(rawUrl = url),Chrome 87.0.4280.88,,,2021-01-08 12:47:50,2021-01-08 12:48:16,"25,457s",PASSED
maximizeWindow(),Chrome 87.0.4280.88,,,2021-01-08 12:48:16,2021-01-08 12:48:18,"2,203s",PASSED
"setText(findTestObject(""Object Repository/PageLogin/input_username""), username)",Chrome 87.0.4280.88,,,2021-01-08 12:48:18,2021-01-08 12:48:19,"0,863s",PASSED
"setEncryptedText(findTestObject(""Object Repository/PageLogin/input_password""), password)",Chrome 87.0.4280.88,,,2021-01-08 12:48:19,2021-01-08 12:48:19,"0,494s",PASSED
"click(findTestObject(""Object Repository/PageLogin/button_login""))",Chrome 87.0.4280.88,,,2021-01-08 12:48:19,2021-01-08 12:48:20,"0,593s",PASSED
"str_list_name = getText(findTestObject(""Object Repository/ProductList/str_products""))",Chrome 87.0.4280.88,,,2021-01-08 12:48:20,2021-01-08 12:48:20,"0,513s",PASSED
assert list_name == str_list_name,Chrome 87.0.4280.88,,,2021-01-08 12:48:20,2021-01-08 12:48:20,"0,000s",PASSED
closeBrowser(),Chrome 87.0.4280.88,,,2021-01-08 12:48:20,2021-01-08 12:48:21,"0,675s",PASSED
