Suite/Test/Step Name,Browser,Description,Tag,Start time,End time,Duration,Status
TS03- zakup produktu 2,Chrome 87.0.4280.88,zakup produktu,,2021-01-08 12:42:12,2021-01-08 12:44:46,"2m - 34,228s",FAILED
,,,,,,,
Test Cases/Zakup produktu/Wybór i zakup produktu/Wybór i zakup produktu,Chrome 87.0.4280.88,,,2021-01-08 12:42:13,2021-01-08 12:42:54,"40,797s",PASSED
openBrowser(rawUrl = url),Chrome 87.0.4280.88,,,2021-01-08 12:42:13,2021-01-08 12:42:40,"26,637s",PASSED
maximizeWindow(),Chrome 87.0.4280.88,,,2021-01-08 12:42:40,2021-01-08 12:42:42,"2,243s",PASSED
"setText(findTestObject(""Object Repository/PageLogin/input_username""), username)",Chrome 87.0.4280.88,,,2021-01-08 12:42:42,2021-01-08 12:42:43,"0,819s",PASSED
"setEncryptedText(findTestObject(""Object Repository/PageLogin/input_password""), password)",Chrome 87.0.4280.88,,,2021-01-08 12:42:43,2021-01-08 12:42:43,"0,530s",PASSED
"click(findTestObject(""Object Repository/PageLogin/button_login""))",Chrome 87.0.4280.88,,,2021-01-08 12:42:43,2021-01-08 12:42:44,"0,882s",PASSED
"str_list_name = getText(findTestObject(""Object Repository/ProductList/str_products""))",Chrome 87.0.4280.88,,,2021-01-08 12:42:44,2021-01-08 12:42:45,"0,370s",PASSED
assert list_name == str_list_name,Chrome 87.0.4280.88,,,2021-01-08 12:42:45,2021-01-08 12:42:45,"0,003s",PASSED
"click(findTestObject(""Object Repository/ProductList/a_item_view""))",Chrome 87.0.4280.88,,,2021-01-08 12:42:45,2021-01-08 12:42:45,"0,631s",PASSED
"click(findTestObject(""Object Repository/PageItem/btn_add_to_cart""))",Chrome 87.0.4280.88,,,2021-01-08 12:42:45,2021-01-08 12:42:46,"0,522s",PASSED
"count_cart = verifyElementVisible(findTestObject(""Object Repository/ProductList/a_shoping_cart""))",Chrome 87.0.4280.88,,,2021-01-08 12:42:46,2021-01-08 12:42:46,"0,511s",PASSED
assert count_cart == true,Chrome 87.0.4280.88,,,2021-01-08 12:42:46,2021-01-08 12:42:46,"0,001s",PASSED
"click(findTestObject(""Object Repository/ProductList/a_shoping_cart""))",Chrome 87.0.4280.88,,,2021-01-08 12:42:46,2021-01-08 12:42:47,"0,597s",PASSED
"click(findTestObject(""Object Repository/PageCart/a_checkout""))",Chrome 87.0.4280.88,,,2021-01-08 12:42:47,2021-01-08 12:42:48,"0,710s",PASSED
"setText(findTestObject(""Object Repository/PageYourInfo/input_first_name""), first_name)",Chrome 87.0.4280.88,,,2021-01-08 12:42:48,2021-01-08 12:42:49,"0,909s",PASSED
"setText(findTestObject(""Object Repository/PageYourInfo/input_last_name""), last_name)",Chrome 87.0.4280.88,,,2021-01-08 12:42:49,2021-01-08 12:42:49,"0,854s",PASSED
"setText(findTestObject(""Object Repository/PageYourInfo/input_zip""), zip_code)",Chrome 87.0.4280.88,,,2021-01-08 12:42:49,2021-01-08 12:42:50,"0,744s",PASSED
"click(findTestObject(""Object Repository/PageYourInfo/btn_continue""))",Chrome 87.0.4280.88,,,2021-01-08 12:42:50,2021-01-08 12:42:51,"0,595s",PASSED
"click(findTestObject(""Object Repository/PageOverview/a_finish""))",Chrome 87.0.4280.88,,,2021-01-08 12:42:51,2021-01-08 12:42:52,"0,942s",PASSED
"click(findTestObject(""Object Repository/PageOverview/btn_sidebar""))",Chrome 87.0.4280.88,,,2021-01-08 12:42:52,2021-01-08 12:42:52,"0,523s",PASSED
"click(findTestObject(""Object Repository/PageOverview/a_logout""))",Chrome 87.0.4280.88,,,2021-01-08 12:42:52,2021-01-08 12:42:53,"0,581s",PASSED
closeBrowser(),Chrome 87.0.4280.88,,,2021-01-08 12:42:53,2021-01-08 12:42:54,"0,742s",PASSED
,,,,,,,
Test Cases/Zakup produktu/Wybór i zakup produktu/Wybór i zakup produktu,Chrome 87.0.4280.88,,,2021-01-08 12:42:54,2021-01-08 12:43:37,"43,598s",PASSED
openBrowser(rawUrl = url),Chrome 87.0.4280.88,,,2021-01-08 12:42:54,2021-01-08 12:43:19,"25,271s",PASSED
maximizeWindow(),Chrome 87.0.4280.88,,,2021-01-08 12:43:19,2021-01-08 12:43:21,"2,212s",PASSED
"setText(findTestObject(""Object Repository/PageLogin/input_username""), username)",Chrome 87.0.4280.88,,,2021-01-08 12:43:21,2021-01-08 12:43:22,"0,822s",PASSED
"setEncryptedText(findTestObject(""Object Repository/PageLogin/input_password""), password)",Chrome 87.0.4280.88,,,2021-01-08 12:43:22,2021-01-08 12:43:22,"0,428s",PASSED
"click(findTestObject(""Object Repository/PageLogin/button_login""))",Chrome 87.0.4280.88,,,2021-01-08 12:43:22,2021-01-08 12:43:28,"5,872s",PASSED
"str_list_name = getText(findTestObject(""Object Repository/ProductList/str_products""))",Chrome 87.0.4280.88,,,2021-01-08 12:43:28,2021-01-08 12:43:29,"0,400s",PASSED
assert list_name == str_list_name,Chrome 87.0.4280.88,,,2021-01-08 12:43:29,2021-01-08 12:43:29,"0,001s",PASSED
"click(findTestObject(""Object Repository/ProductList/a_item_view""))",Chrome 87.0.4280.88,,,2021-01-08 12:43:29,2021-01-08 12:43:29,"0,475s",PASSED
"click(findTestObject(""Object Repository/PageItem/btn_add_to_cart""))",Chrome 87.0.4280.88,,,2021-01-08 12:43:29,2021-01-08 12:43:30,"0,560s",PASSED
"count_cart = verifyElementVisible(findTestObject(""Object Repository/ProductList/a_shoping_cart""))",Chrome 87.0.4280.88,,,2021-01-08 12:43:30,2021-01-08 12:43:30,"0,605s",PASSED
assert count_cart == true,Chrome 87.0.4280.88,,,2021-01-08 12:43:30,2021-01-08 12:43:30,"0,000s",PASSED
"click(findTestObject(""Object Repository/ProductList/a_shoping_cart""))",Chrome 87.0.4280.88,,,2021-01-08 12:43:30,2021-01-08 12:43:31,"0,572s",PASSED
"click(findTestObject(""Object Repository/PageCart/a_checkout""))",Chrome 87.0.4280.88,,,2021-01-08 12:43:31,2021-01-08 12:43:32,"0,693s",PASSED
"setText(findTestObject(""Object Repository/PageYourInfo/input_first_name""), first_name)",Chrome 87.0.4280.88,,,2021-01-08 12:43:32,2021-01-08 12:43:33,"0,935s",PASSED
"setText(findTestObject(""Object Repository/PageYourInfo/input_last_name""), last_name)",Chrome 87.0.4280.88,,,2021-01-08 12:43:33,2021-01-08 12:43:33,"0,735s",PASSED
"setText(findTestObject(""Object Repository/PageYourInfo/input_zip""), zip_code)",Chrome 87.0.4280.88,,,2021-01-08 12:43:33,2021-01-08 12:43:34,"0,772s",PASSED
"click(findTestObject(""Object Repository/PageYourInfo/btn_continue""))",Chrome 87.0.4280.88,,,2021-01-08 12:43:34,2021-01-08 12:43:35,"0,628s",PASSED
"click(findTestObject(""Object Repository/PageOverview/a_finish""))",Chrome 87.0.4280.88,,,2021-01-08 12:43:35,2021-01-08 12:43:35,"0,795s",PASSED
"click(findTestObject(""Object Repository/PageOverview/btn_sidebar""))",Chrome 87.0.4280.88,,,2021-01-08 12:43:35,2021-01-08 12:43:36,"0,528s",PASSED
"click(findTestObject(""Object Repository/PageOverview/a_logout""))",Chrome 87.0.4280.88,,,2021-01-08 12:43:36,2021-01-08 12:43:36,"0,479s",PASSED
closeBrowser(),Chrome 87.0.4280.88,,,2021-01-08 12:43:36,2021-01-08 12:43:37,"0,782s",PASSED
,,,,,,,
Test Cases/Zakup produktu/Wybór i zakup produktu/Wybór i zakup produktu,Chrome 87.0.4280.88,,,2021-01-08 12:43:37,2021-01-08 12:44:46,"1m - 8,511s",FAILED
openBrowser(rawUrl = url),Chrome 87.0.4280.88,,,2021-01-08 12:43:37,2021-01-08 12:44:03,"25,426s",PASSED
maximizeWindow(),Chrome 87.0.4280.88,,,2021-01-08 12:44:03,2021-01-08 12:44:05,"2,209s",PASSED
"setText(findTestObject(""Object Repository/PageLogin/input_username""), username)",Chrome 87.0.4280.88,,,2021-01-08 12:44:05,2021-01-08 12:44:06,"0,784s",PASSED
"setEncryptedText(findTestObject(""Object Repository/PageLogin/input_password""), password)",Chrome 87.0.4280.88,,,2021-01-08 12:44:06,2021-01-08 12:44:06,"0,459s",PASSED
"click(findTestObject(""Object Repository/PageLogin/button_login""))",Chrome 87.0.4280.88,,,2021-01-08 12:44:06,2021-01-08 12:44:07,"0,749s",PASSED
"str_list_name = getText(findTestObject(""Object Repository/ProductList/str_products""))",Chrome 87.0.4280.88,,,2021-01-08 12:44:07,2021-01-08 12:44:07,"0,451s",PASSED
assert list_name == str_list_name,Chrome 87.0.4280.88,,,2021-01-08 12:44:07,2021-01-08 12:44:07,"0,000s",PASSED
"click(findTestObject(""Object Repository/ProductList/a_item_view""))",Chrome 87.0.4280.88,,,2021-01-08 12:44:07,2021-01-08 12:44:08,"0,759s",PASSED
"click(findTestObject(""Object Repository/PageItem/btn_add_to_cart""))",Chrome 87.0.4280.88,,,2021-01-08 12:44:08,2021-01-08 12:44:09,"0,501s",PASSED
"count_cart = verifyElementVisible(findTestObject(""Object Repository/ProductList/a_shoping_cart""))",Chrome 87.0.4280.88,,,2021-01-08 12:44:09,2021-01-08 12:44:41,"32,092s",FAILED
