Suite/Test/Step Name,Browser,Description,Tag,Start time,End time,Duration,Status
TS01-Zakup produktu,Chrome 87.0.4280.88,,,2021-01-07 14:37:05,2021-01-07 14:39:54,"2m - 48,262s",FAILED
,,,,,,,
Test Cases/Zakup produktu/Logowanie do aplikacji/Logowanie do aplikacji,Chrome 87.0.4280.88,Logowanie do aplikacji wykorzystując poprawne dane,,2021-01-07 14:37:07,2021-01-07 14:37:39,"32,733s",PASSED
openBrowser(rawUrl = url),Chrome 87.0.4280.88,,,2021-01-07 14:37:07,2021-01-07 14:37:33,"26,375s",PASSED
maximizeWindow(),Chrome 87.0.4280.88,,,2021-01-07 14:37:33,2021-01-07 14:37:36,"2,256s",PASSED
"setText(findTestObject(""Object Repository/PageLogin/input_username""), username)",Chrome 87.0.4280.88,,,2021-01-07 14:37:36,2021-01-07 14:37:36,"0,907s",PASSED
"setEncryptedText(findTestObject(""Object Repository/PageLogin/input_password""), password)",Chrome 87.0.4280.88,,,2021-01-07 14:37:36,2021-01-07 14:37:37,"0,588s",PASSED
"click(findTestObject(""Object Repository/PageLogin/button_login""))",Chrome 87.0.4280.88,,,2021-01-07 14:37:37,2021-01-07 14:37:38,"0,914s",PASSED
"str_list_name = getText(findTestObject(""Object Repository/ProductList/str_products""))",Chrome 87.0.4280.88,,,2021-01-07 14:37:38,2021-01-07 14:37:38,"0,398s",PASSED
assert list_name == str_list_name,Chrome 87.0.4280.88,,,2021-01-07 14:37:38,2021-01-07 14:37:38,"0,002s",PASSED
closeBrowser(),Chrome 87.0.4280.88,,,2021-01-07 14:37:38,2021-01-07 14:37:39,"0,869s",PASSED
,,,,,,,
Test Cases/Zakup produktu/Logowanie do aplikacji/Logowanie do aplikacji,Chrome 87.0.4280.88,Logowanie do aplikacji wykorzystując poprawne dane,,2021-01-07 14:37:39,2021-01-07 14:38:45,"1m - 6,159s",FAILED
openBrowser(rawUrl = url),Chrome 87.0.4280.88,,,2021-01-07 14:37:39,2021-01-07 14:38:05,"25,456s",PASSED
maximizeWindow(),Chrome 87.0.4280.88,,,2021-01-07 14:38:05,2021-01-07 14:38:07,"2,214s",PASSED
"setText(findTestObject(""Object Repository/PageLogin/input_username""), username)",Chrome 87.0.4280.88,,,2021-01-07 14:38:07,2021-01-07 14:38:08,"0,859s",PASSED
"setEncryptedText(findTestObject(""Object Repository/PageLogin/input_password""), password)",Chrome 87.0.4280.88,,,2021-01-07 14:38:08,2021-01-07 14:38:08,"0,508s",PASSED
"click(findTestObject(""Object Repository/PageLogin/button_login""))",Chrome 87.0.4280.88,,,2021-01-07 14:38:08,2021-01-07 14:38:09,"0,479s",PASSED
"str_list_name = getText(findTestObject(""Object Repository/ProductList/str_products""))",Chrome 87.0.4280.88,,,2021-01-07 14:38:09,2021-01-07 14:38:40,"31,538s",FAILED
,,,,,,,
Test Cases/Zakup produktu/Logowanie do aplikacji/Logowanie do aplikacji,Chrome 87.0.4280.88,Logowanie do aplikacji wykorzystując poprawne dane,,2021-01-07 14:38:46,2021-01-07 14:39:17,"31,695s",PASSED
openBrowser(rawUrl = url),Chrome 87.0.4280.88,,,2021-01-07 14:38:46,2021-01-07 14:39:12,"26,112s",PASSED
maximizeWindow(),Chrome 87.0.4280.88,,,2021-01-07 14:39:12,2021-01-07 14:39:14,"2,228s",PASSED
"setText(findTestObject(""Object Repository/PageLogin/input_username""), username)",Chrome 87.0.4280.88,,,2021-01-07 14:39:14,2021-01-07 14:39:15,"0,907s",PASSED
"setEncryptedText(findTestObject(""Object Repository/PageLogin/input_password""), password)",Chrome 87.0.4280.88,,,2021-01-07 14:39:15,2021-01-07 14:39:15,"0,436s",PASSED
"click(findTestObject(""Object Repository/PageLogin/button_login""))",Chrome 87.0.4280.88,,,2021-01-07 14:39:15,2021-01-07 14:39:16,"0,631s",PASSED
"str_list_name = getText(findTestObject(""Object Repository/ProductList/str_products""))",Chrome 87.0.4280.88,,,2021-01-07 14:39:16,2021-01-07 14:39:16,"0,523s",PASSED
assert list_name == str_list_name,Chrome 87.0.4280.88,,,2021-01-07 14:39:16,2021-01-07 14:39:16,"0,000s",PASSED
closeBrowser(),Chrome 87.0.4280.88,,,2021-01-07 14:39:16,2021-01-07 14:39:17,"0,837s",PASSED
,,,,,,,
Test Cases/Zakup produktu/Logowanie do aplikacji/Logowanie do aplikacji,Chrome 87.0.4280.88,Logowanie do aplikacji wykorzystując poprawne dane,,2021-01-07 14:39:17,2021-01-07 14:39:54,"36,319s",PASSED
openBrowser(rawUrl = url),Chrome 87.0.4280.88,,,2021-01-07 14:39:17,2021-01-07 14:39:43,"25,497s",PASSED
maximizeWindow(),Chrome 87.0.4280.88,,,2021-01-07 14:39:43,2021-01-07 14:39:45,"2,205s",PASSED
"setText(findTestObject(""Object Repository/PageLogin/input_username""), username)",Chrome 87.0.4280.88,,,2021-01-07 14:39:45,2021-01-07 14:39:46,"0,936s",PASSED
"setEncryptedText(findTestObject(""Object Repository/PageLogin/input_password""), password)",Chrome 87.0.4280.88,,,2021-01-07 14:39:46,2021-01-07 14:39:46,"0,530s",PASSED
"click(findTestObject(""Object Repository/PageLogin/button_login""))",Chrome 87.0.4280.88,,,2021-01-07 14:39:46,2021-01-07 14:39:52,"5,908s",PASSED
"str_list_name = getText(findTestObject(""Object Repository/ProductList/str_products""))",Chrome 87.0.4280.88,,,2021-01-07 14:39:52,2021-01-07 14:39:53,"0,362s",PASSED
assert list_name == str_list_name,Chrome 87.0.4280.88,,,2021-01-07 14:39:53,2021-01-07 14:39:53,"0,000s",PASSED
closeBrowser(),Chrome 87.0.4280.88,,,2021-01-07 14:39:53,2021-01-07 14:39:54,"0,864s",PASSED
