Suite/Test/Step Name,Browser,Description,Tag,Start time,End time,Duration,Status
TS02-zablokowany uzytkownik,Chrome 87.0.4280.88,Test wiadomości w przypadku próby logowania zablokowanego użytkownika,,2021-01-07 17:09:27,2021-01-07 17:10:00,"33,522s",PASSED
,,,,,,,
Test Cases/Zakup produktu/Logowanie do aplikacji/Logowanie do aplikacji- zablokowane konto,Chrome 87.0.4280.88,Próba zalogowania do aplikacji przy użyciu błędnych danych,,2021-01-07 17:09:28,2021-01-07 17:10:00,"32,307s",PASSED
openBrowser(rawUrl = url),Chrome 87.0.4280.88,,,2021-01-07 17:09:28,2021-01-07 17:09:55,"26,350s",PASSED
maximizeWindow(),Chrome 87.0.4280.88,,,2021-01-07 17:09:55,2021-01-07 17:09:57,"2,218s",PASSED
"setText(findTestObject(""Object Repository/PageLogin/input_username""), err_username)",Chrome 87.0.4280.88,,,2021-01-07 17:09:57,2021-01-07 17:09:58,"0,895s",PASSED
"setEncryptedText(findTestObject(""Object Repository/PageLogin/input_password""), password2)",Chrome 87.0.4280.88,,,2021-01-07 17:09:58,2021-01-07 17:09:59,"0,577s",PASSED
"click(findTestObject(""Object Repository/PageLogin/button_login""))",Chrome 87.0.4280.88,,,2021-01-07 17:09:59,2021-01-07 17:09:59,"0,443s",PASSED
"err_txt = getText(findTestObject(""Object Repository/PageLogin/error_button""))",Chrome 87.0.4280.88,,,2021-01-07 17:09:59,2021-01-07 17:10:00,"0,539s",PASSED
assert err_txt == err_message,Chrome 87.0.4280.88,,,2021-01-07 17:10:00,2021-01-07 17:10:00,"0,006s",PASSED
closeBrowser(),Chrome 87.0.4280.88,,,2021-01-07 17:10:00,2021-01-07 17:10:00,"0,819s",PASSED
