Suite/Test/Step Name,Browser,Description,Tag,Start time,End time,Duration,Status
TS02-zablokowany uzytkownik,Chrome 87.0.4280.88,Test wiadomości w przypadku próby logowania zablokowanego użytkownika,,2021-01-08 12:49:02,2021-01-08 12:49:36,"33,335s",PASSED
,,,,,,,
Test Cases/Zakup produktu/Logowanie do aplikacji/Logowanie do aplikacji- zablokowane konto,Chrome 87.0.4280.88,Próba zalogowania do aplikacji przy użyciu błędnych danych,,2021-01-08 12:49:03,2021-01-08 12:49:36,"32,102s",PASSED
openBrowser(rawUrl = url),Chrome 87.0.4280.88,,,2021-01-08 12:49:04,2021-01-08 12:49:30,"26,393s",PASSED
maximizeWindow(),Chrome 87.0.4280.88,,,2021-01-08 12:49:30,2021-01-08 12:49:32,"2,214s",PASSED
"setText(findTestObject(""Object Repository/PageLogin/input_username""), err_username)",Chrome 87.0.4280.88,,,2021-01-08 12:49:32,2021-01-08 12:49:33,"0,815s",PASSED
"setEncryptedText(findTestObject(""Object Repository/PageLogin/input_password""), password2)",Chrome 87.0.4280.88,,,2021-01-08 12:49:33,2021-01-08 12:49:34,"0,571s",PASSED
"click(findTestObject(""Object Repository/PageLogin/button_login""))",Chrome 87.0.4280.88,,,2021-01-08 12:49:34,2021-01-08 12:49:34,"0,446s",PASSED
"err_txt = getText(findTestObject(""Object Repository/PageLogin/error_button""))",Chrome 87.0.4280.88,,,2021-01-08 12:49:34,2021-01-08 12:49:35,"0,509s",PASSED
assert err_txt == err_message,Chrome 87.0.4280.88,,,2021-01-08 12:49:35,2021-01-08 12:49:35,"0,005s",PASSED
closeBrowser(),Chrome 87.0.4280.88,,,2021-01-08 12:49:35,2021-01-08 12:49:36,"0,718s",PASSED
