Suite/Test/Step Name,Browser,Description,Tag,Start time,End time,Duration,Status
TS03- zakup produktu 2,Chrome 87.0.4280.88,zakup produktu,,2021-01-08 10:00:44,2021-01-08 10:03:19,"2m - 35,791s",FAILED
,,,,,,,
Test Cases/Zakup produktu/Wybór i zakup produktu/Wybór i zakup produktu,Chrome 87.0.4280.88,,,2021-01-08 10:00:45,2021-01-08 10:01:26,"41,499s",PASSED
openBrowser(rawUrl = url),Chrome 87.0.4280.88,,,2021-01-08 10:00:45,2021-01-08 10:01:12,"26,428s",PASSED
maximizeWindow(),Chrome 87.0.4280.88,,,2021-01-08 10:01:12,2021-01-08 10:01:14,"2,221s",PASSED
"setText(findTestObject(""Object Repository/PageLogin/input_username""), username)",Chrome 87.0.4280.88,,,2021-01-08 10:01:14,2021-01-08 10:01:15,"0,927s",PASSED
"setEncryptedText(findTestObject(""Object Repository/PageLogin/input_password""), password)",Chrome 87.0.4280.88,,,2021-01-08 10:01:15,2021-01-08 10:01:15,"0,501s",PASSED
"click(findTestObject(""Object Repository/PageLogin/button_login""))",Chrome 87.0.4280.88,,,2021-01-08 10:01:15,2021-01-08 10:01:16,"1,076s",PASSED
"str_list_name = getText(findTestObject(""Object Repository/ProductList/str_products""))",Chrome 87.0.4280.88,,,2021-01-08 10:01:16,2021-01-08 10:01:17,"0,431s",PASSED
assert list_name == str_list_name,Chrome 87.0.4280.88,,,2021-01-08 10:01:17,2021-01-08 10:01:17,"0,003s",PASSED
"click(findTestObject(""Object Repository/ProductList/a_item_view""))",Chrome 87.0.4280.88,,,2021-01-08 10:01:17,2021-01-08 10:01:18,"0,738s",PASSED
"click(findTestObject(""Object Repository/PageItem/btn_add_to_cart""))",Chrome 87.0.4280.88,,,2021-01-08 10:01:18,2021-01-08 10:01:18,"0,514s",PASSED
"count_cart = verifyElementVisible(findTestObject(""Object Repository/ProductList/a_shoping_cart""))",Chrome 87.0.4280.88,,,2021-01-08 10:01:18,2021-01-08 10:01:19,"0,531s",PASSED
assert count_cart == true,Chrome 87.0.4280.88,,,2021-01-08 10:01:19,2021-01-08 10:01:19,"0,000s",PASSED
"click(findTestObject(""Object Repository/ProductList/a_shoping_cart""))",Chrome 87.0.4280.88,,,2021-01-08 10:01:19,2021-01-08 10:01:19,"0,714s",PASSED
"click(findTestObject(""Object Repository/PageCart/a_checkout""))",Chrome 87.0.4280.88,,,2021-01-08 10:01:19,2021-01-08 10:01:20,"0,797s",PASSED
"setText(findTestObject(""Object Repository/PageYourInfo/input_first_name""), first_name)",Chrome 87.0.4280.88,,,2021-01-08 10:01:20,2021-01-08 10:01:21,"1,010s",PASSED
"setText(findTestObject(""Object Repository/PageYourInfo/input_last_name""), last_name)",Chrome 87.0.4280.88,,,2021-01-08 10:01:21,2021-01-08 10:01:22,"0,829s",PASSED
"setText(findTestObject(""Object Repository/PageYourInfo/input_zip""), zip_code)",Chrome 87.0.4280.88,,,2021-01-08 10:01:22,2021-01-08 10:01:23,"0,777s",PASSED
"click(findTestObject(""Object Repository/PageYourInfo/btn_continue""))",Chrome 87.0.4280.88,,,2021-01-08 10:01:23,2021-01-08 10:01:24,"0,690s",PASSED
"click(findTestObject(""Object Repository/PageOverview/a_finish""))",Chrome 87.0.4280.88,,,2021-01-08 10:01:24,2021-01-08 10:01:24,"0,863s",PASSED
"click(findTestObject(""Object Repository/PageOverview/btn_sidebar""))",Chrome 87.0.4280.88,,,2021-01-08 10:01:24,2021-01-08 10:01:25,"0,541s",PASSED
"click(findTestObject(""Object Repository/PageOverview/a_logout""))",Chrome 87.0.4280.88,,,2021-01-08 10:01:25,2021-01-08 10:01:25,"0,539s",PASSED
closeBrowser(),Chrome 87.0.4280.88,,,2021-01-08 10:01:25,2021-01-08 10:01:26,"0,883s",PASSED
,,,,,,,
Test Cases/Zakup produktu/Wybór i zakup produktu/Wybór i zakup produktu,Chrome 87.0.4280.88,,,2021-01-08 10:01:26,2021-01-08 10:02:11,"44,175s",PASSED
openBrowser(rawUrl = url),Chrome 87.0.4280.88,,,2021-01-08 10:01:26,2021-01-08 10:01:52,"25,425s",PASSED
maximizeWindow(),Chrome 87.0.4280.88,,,2021-01-08 10:01:52,2021-01-08 10:01:54,"2,234s",PASSED
"setText(findTestObject(""Object Repository/PageLogin/input_username""), username)",Chrome 87.0.4280.88,,,2021-01-08 10:01:54,2021-01-08 10:01:55,"0,953s",PASSED
"setEncryptedText(findTestObject(""Object Repository/PageLogin/input_password""), password)",Chrome 87.0.4280.88,,,2021-01-08 10:01:55,2021-01-08 10:01:56,"0,478s",PASSED
"click(findTestObject(""Object Repository/PageLogin/button_login""))",Chrome 87.0.4280.88,,,2021-01-08 10:01:56,2021-01-08 10:02:01,"5,972s",PASSED
"str_list_name = getText(findTestObject(""Object Repository/ProductList/str_products""))",Chrome 87.0.4280.88,,,2021-01-08 10:02:01,2021-01-08 10:02:02,"0,395s",PASSED
assert list_name == str_list_name,Chrome 87.0.4280.88,,,2021-01-08 10:02:02,2021-01-08 10:02:02,"0,000s",PASSED
"click(findTestObject(""Object Repository/ProductList/a_item_view""))",Chrome 87.0.4280.88,,,2021-01-08 10:02:02,2021-01-08 10:02:02,"0,543s",PASSED
"click(findTestObject(""Object Repository/PageItem/btn_add_to_cart""))",Chrome 87.0.4280.88,,,2021-01-08 10:02:02,2021-01-08 10:02:03,"0,576s",PASSED
"count_cart = verifyElementVisible(findTestObject(""Object Repository/ProductList/a_shoping_cart""))",Chrome 87.0.4280.88,,,2021-01-08 10:02:03,2021-01-08 10:02:04,"0,524s",PASSED
assert count_cart == true,Chrome 87.0.4280.88,,,2021-01-08 10:02:04,2021-01-08 10:02:04,"0,001s",PASSED
"click(findTestObject(""Object Repository/ProductList/a_shoping_cart""))",Chrome 87.0.4280.88,,,2021-01-08 10:02:04,2021-01-08 10:02:04,"0,556s",PASSED
"click(findTestObject(""Object Repository/PageCart/a_checkout""))",Chrome 87.0.4280.88,,,2021-01-08 10:02:04,2021-01-08 10:02:05,"0,660s",PASSED
"setText(findTestObject(""Object Repository/PageYourInfo/input_first_name""), first_name)",Chrome 87.0.4280.88,,,2021-01-08 10:02:05,2021-01-08 10:02:06,"0,962s",PASSED
"setText(findTestObject(""Object Repository/PageYourInfo/input_last_name""), last_name)",Chrome 87.0.4280.88,,,2021-01-08 10:02:06,2021-01-08 10:02:07,"0,850s",PASSED
"setText(findTestObject(""Object Repository/PageYourInfo/input_zip""), zip_code)",Chrome 87.0.4280.88,,,2021-01-08 10:02:07,2021-01-08 10:02:07,"0,819s",PASSED
"click(findTestObject(""Object Repository/PageYourInfo/btn_continue""))",Chrome 87.0.4280.88,,,2021-01-08 10:02:07,2021-01-08 10:02:08,"0,664s",PASSED
"click(findTestObject(""Object Repository/PageOverview/a_finish""))",Chrome 87.0.4280.88,,,2021-01-08 10:02:08,2021-01-08 10:02:09,"0,665s",PASSED
"click(findTestObject(""Object Repository/PageOverview/btn_sidebar""))",Chrome 87.0.4280.88,,,2021-01-08 10:02:09,2021-01-08 10:02:09,"0,582s",PASSED
"click(findTestObject(""Object Repository/PageOverview/a_logout""))",Chrome 87.0.4280.88,,,2021-01-08 10:02:09,2021-01-08 10:02:10,"0,511s",PASSED
closeBrowser(),Chrome 87.0.4280.88,,,2021-01-08 10:02:10,2021-01-08 10:02:11,"0,783s",PASSED
,,,,,,,
Test Cases/Zakup produktu/Wybór i zakup produktu/Wybór i zakup produktu,Chrome 87.0.4280.88,,,2021-01-08 10:02:11,2021-01-08 10:03:19,"1m - 8,764s",FAILED
openBrowser(rawUrl = url),Chrome 87.0.4280.88,,,2021-01-08 10:02:11,2021-01-08 10:02:36,"25,438s",PASSED
maximizeWindow(),Chrome 87.0.4280.88,,,2021-01-08 10:02:36,2021-01-08 10:02:38,"2,200s",PASSED
"setText(findTestObject(""Object Repository/PageLogin/input_username""), username)",Chrome 87.0.4280.88,,,2021-01-08 10:02:38,2021-01-08 10:02:39,"0,829s",PASSED
"setEncryptedText(findTestObject(""Object Repository/PageLogin/input_password""), password)",Chrome 87.0.4280.88,,,2021-01-08 10:02:39,2021-01-08 10:02:39,"0,404s",PASSED
"click(findTestObject(""Object Repository/PageLogin/button_login""))",Chrome 87.0.4280.88,,,2021-01-08 10:02:39,2021-01-08 10:02:40,"0,569s",PASSED
"str_list_name = getText(findTestObject(""Object Repository/ProductList/str_products""))",Chrome 87.0.4280.88,,,2021-01-08 10:02:40,2021-01-08 10:02:41,"0,523s",PASSED
assert list_name == str_list_name,Chrome 87.0.4280.88,,,2021-01-08 10:02:41,2021-01-08 10:02:41,"0,000s",PASSED
"click(findTestObject(""Object Repository/ProductList/a_item_view""))",Chrome 87.0.4280.88,,,2021-01-08 10:02:41,2021-01-08 10:02:41,"0,813s",PASSED
"click(findTestObject(""Object Repository/PageItem/btn_add_to_cart""))",Chrome 87.0.4280.88,,,2021-01-08 10:02:41,2021-01-08 10:02:42,"0,566s",PASSED
"count_cart = verifyElementVisible(findTestObject(""Object Repository/ProductList/a_shoping_cart""))",Chrome 87.0.4280.88,,,2021-01-08 10:02:42,2021-01-08 10:03:14,"32,360s",FAILED
