Suite/Test/Step Name,Browser,Description,Tag,Start time,End time,Duration,Status
TS03- zakup produktu 2,Chrome 87.0.4280.88,zakup produktu,,2021-01-08 09:39:14,2021-01-08 09:41:17,"2m - 2,734s",FAILED
,,,,,,,
Test Cases/Zakup produktu/Wybór i zakup produktu/Wybór i zakup produktu,Chrome 87.0.4280.88,,,2021-01-08 09:39:15,2021-01-08 09:39:55,"39,538s",FAILED
openBrowser(rawUrl = url),Chrome 87.0.4280.88,,,2021-01-08 09:39:16,2021-01-08 09:39:42,"26,579s",PASSED
maximizeWindow(),Chrome 87.0.4280.88,,,2021-01-08 09:39:42,2021-01-08 09:39:45,"2,213s",PASSED
"setText(findTestObject(""Object Repository/PageLogin/input_username""), username)",Chrome 87.0.4280.88,,,2021-01-08 09:39:45,2021-01-08 09:39:46,"0,996s",PASSED
"setEncryptedText(findTestObject(""Object Repository/PageLogin/input_password""), password)",Chrome 87.0.4280.88,,,2021-01-08 09:39:46,2021-01-08 09:39:46,"0,610s",PASSED
"click(findTestObject(""Object Repository/PageLogin/button_login""))",Chrome 87.0.4280.88,,,2021-01-08 09:39:46,2021-01-08 09:39:48,"1,300s",PASSED
"str_list_name = getText(findTestObject(""Object Repository/ProductList/str_products""))",Chrome 87.0.4280.88,,,2021-01-08 09:39:48,2021-01-08 09:39:48,"0,484s",PASSED
assert list_name == str_list_name,Chrome 87.0.4280.88,,,2021-01-08 09:39:48,2021-01-08 09:39:48,"0,004s",PASSED
"click(findTestObject(""Object Repository/ProductList/a_item_view""))",Chrome 87.0.4280.88,,,2021-01-08 09:39:48,2021-01-08 09:39:49,"0,655s",PASSED
"click(findTestObject(""Object Repository/PageItem/btn_add_to_cart""))",Chrome 87.0.4280.88,,,2021-01-08 09:39:49,2021-01-08 09:39:49,"0,571s",PASSED
"count_cart = verifyImagePresent(findTestObject(""Object Repository/ProductList/a_shoping_cart""))",Chrome 87.0.4280.88,,,2021-01-08 09:39:49,2021-01-08 09:39:50,"0,602s",FAILED
,,,,,,,
Test Cases/Zakup produktu/Wybór i zakup produktu/Wybór i zakup produktu,Chrome 87.0.4280.88,,,2021-01-08 09:39:55,2021-01-08 09:40:39,"43,522s",FAILED
openBrowser(rawUrl = url),Chrome 87.0.4280.88,,,2021-01-08 09:39:55,2021-01-08 09:40:22,"26,352s",PASSED
maximizeWindow(),Chrome 87.0.4280.88,,,2021-01-08 09:40:22,2021-01-08 09:40:24,"2,187s",PASSED
"setText(findTestObject(""Object Repository/PageLogin/input_username""), username)",Chrome 87.0.4280.88,,,2021-01-08 09:40:24,2021-01-08 09:40:25,"0,961s",PASSED
"setEncryptedText(findTestObject(""Object Repository/PageLogin/input_password""), password)",Chrome 87.0.4280.88,,,2021-01-08 09:40:25,2021-01-08 09:40:25,"0,486s",PASSED
"click(findTestObject(""Object Repository/PageLogin/button_login""))",Chrome 87.0.4280.88,,,2021-01-08 09:40:25,2021-01-08 09:40:32,"6,345s",PASSED
"str_list_name = getText(findTestObject(""Object Repository/ProductList/str_products""))",Chrome 87.0.4280.88,,,2021-01-08 09:40:32,2021-01-08 09:40:32,"0,409s",PASSED
assert list_name == str_list_name,Chrome 87.0.4280.88,,,2021-01-08 09:40:32,2021-01-08 09:40:32,"0,001s",PASSED
"click(findTestObject(""Object Repository/ProductList/a_item_view""))",Chrome 87.0.4280.88,,,2021-01-08 09:40:32,2021-01-08 09:40:33,"0,635s",PASSED
"click(findTestObject(""Object Repository/PageItem/btn_add_to_cart""))",Chrome 87.0.4280.88,,,2021-01-08 09:40:33,2021-01-08 09:40:33,"0,486s",PASSED
"count_cart = verifyImagePresent(findTestObject(""Object Repository/ProductList/a_shoping_cart""))",Chrome 87.0.4280.88,,,2021-01-08 09:40:33,2021-01-08 09:40:34,"0,575s",FAILED
,,,,,,,
Test Cases/Zakup produktu/Wybór i zakup produktu/Wybór i zakup produktu,Chrome 87.0.4280.88,,,2021-01-08 09:40:39,2021-01-08 09:41:17,"38,145s",FAILED
openBrowser(rawUrl = url),Chrome 87.0.4280.88,,,2021-01-08 09:40:39,2021-01-08 09:41:05,"26,406s",PASSED
maximizeWindow(),Chrome 87.0.4280.88,,,2021-01-08 09:41:05,2021-01-08 09:41:07,"2,225s",PASSED
"setText(findTestObject(""Object Repository/PageLogin/input_username""), username)",Chrome 87.0.4280.88,,,2021-01-08 09:41:07,2021-01-08 09:41:08,"0,847s",PASSED
"setEncryptedText(findTestObject(""Object Repository/PageLogin/input_password""), password)",Chrome 87.0.4280.88,,,2021-01-08 09:41:08,2021-01-08 09:41:09,"0,480s",PASSED
"click(findTestObject(""Object Repository/PageLogin/button_login""))",Chrome 87.0.4280.88,,,2021-01-08 09:41:09,2021-01-08 09:41:09,"0,689s",PASSED
"str_list_name = getText(findTestObject(""Object Repository/ProductList/str_products""))",Chrome 87.0.4280.88,,,2021-01-08 09:41:09,2021-01-08 09:41:10,"0,501s",PASSED
assert list_name == str_list_name,Chrome 87.0.4280.88,,,2021-01-08 09:41:10,2021-01-08 09:41:10,"0,001s",PASSED
"click(findTestObject(""Object Repository/ProductList/a_item_view""))",Chrome 87.0.4280.88,,,2021-01-08 09:41:10,2021-01-08 09:41:11,"0,820s",PASSED
"click(findTestObject(""Object Repository/PageItem/btn_add_to_cart""))",Chrome 87.0.4280.88,,,2021-01-08 09:41:11,2021-01-08 09:41:11,"0,514s",PASSED
"count_cart = verifyImagePresent(findTestObject(""Object Repository/ProductList/a_shoping_cart""))",Chrome 87.0.4280.88,,,2021-01-08 09:41:11,2021-01-08 09:41:12,"0,587s",FAILED
